},
{
  "name": "PVR Icon Cinemas (Oberoi Mall)",
  "city": "Mumbai",
  "area": "Goregaon East",
  "address": "Oberoi Mall, 3rd Floor, International Business Park, General AK Vidya Marg, Goregaon East-400063 (Near Western Express Highway)",
  "postal_code": "400063",
  "latitude": 19.155,
  "longitude": 72.85,
  "rating": 4.2,
  "number_of_ratings": 38500,
  "type": "Multiplex",
  "established_year": null,
  "capacity": null,
  "unique_features":
},
{
  "name": "INOX Cinemas (Inorbit Mall)",
  "city": "Mumbai",
  "area": "Malad West",
  "address": "2nd Floor, Inorbit Mall, Link Road, Malad West-400064 (Beside Hypercity, Near Subkuch Market)",
  "postal_code": "400064",
  "latitude": null,
  "longitude": null,
  "rating": 4.1,
  "number_of_ratings": 38400,
  "type": "Multiplex",
  "established_year": null,
  "capacity": null,
  "unique_features":
},
{
  "name": "Moviemax Cinemas (Prime Mall)",
  "city": "Mumbai",
  "area": "Mira Road East",
  "address": "Beverly Park-Mira Road East",
  "postal_code": null,
  "latitude": null,
  "longitude": null,
  "rating": 4.0,
  "number_of_ratings": 37200,
  "type": "Multiplex",
  "established_year": null,
  "capacity": null,
  "unique_features":
},
{
  "name": "PVR Icon Cinemas (Infiniti Mall)",
  "city": "Mumbai",
  "area": "Andheri West",
  "address": "Infiniti Mall, New Link Road, Andheri West-400053 (Near Lotus Petrol Pump, Versova & Phase D)",
  "postal_code": "400053",
  "latitude": null,
  "longitude": null,
  "rating": 4.2,
  "number_of_ratings": 34500,
  "type": "Multiplex",
  "established_year": null,
  "capacity": null,
  "unique_features":
},
{
  "name": "PVR Cinemas",
  "city": "Mumbai",
  "area": "Chakala-Andheri East",
  "address": "Chakala-Andheri East",
  "postal_code": null,
  "latitude": null,
  "longitude": null,
  "rating": 4.0,
  "number_of_ratings": 35200,
  "type": "Multiplex",
  "established_year": null,
  "capacity": null,
  "unique_features":
},
{
  "name": "MovieMax Cinemas",
  "city": "Mumbai",
  "area": "Sion",
  "address": "Sion Main Road Sion",
  "postal_code": null,
  "latitude": null,
  "longitude": null,
  "rating": 3.9,
  "number_of_ratings": 34700,
  "type": "Multiplex",
  "established_year": null,
  "capacity": null,
  "unique_features":
},
{
  "name": "PVR Cinemas (Dynamix Mall)",
  "city": "Mumbai",
  "area": "Juhu",
  "address": "5th Floor, Dynamix Mall, J M Marg, Juhu-400049 (Above Shoppers Stop, Near Chandan Cinema, Vile Parle West)",
  "postal_code": "400049",
  "latitude": null,
  "longitude": null,
  "rating": 4.1,
  "number_of_ratings": 32800,
  "type": "Multiplex",
  "established_year": null,
  "capacity": null,
  "unique_features":
},
{
  "name": "Cinepolis Cinema (Fun Republic Mall)",
  "city": "Mumbai",
  "area": "Andheri West",
  "address": "1st Floor, Plot No. 844/4, Shah Industrial Estate, Fun Republic Mall, New Link Road, Andheri West-400053 (Next to Yash Raj Films)",
  "postal_code": "400053",
  "latitude": null,
  "longitude": null,
  "rating": 4.1,
  "number_of_ratings": 31500,
  "type": "Multiplex",
  "established_year": null,
  "capacity": null,
  "unique_features":
},
{
  "name": "PVR Cinemas (Phoenix Marketcity Mall)",
  "city": "Mumbai",
  "area": "Kurla West",
  "address": "Phoenix Marketcity Mall, L B S Marg, Kurla West-400070 (Near Old Mukund Iron & Steel Company, Near Kamani Junction, Off BKC Road)",
  "postal_code": "400070",
  "latitude": null,
  "longitude": null,
  "rating": 4.3,
  "number_of_ratings": 29300,
  "type": "Multiplex",
  "established_year": null,
  "capacity": null,
  "unique_features":
},
{
  "name": "INOX Cinemas (Thakur Mall)",
  "city": "Mumbai",
  "area": "Dahisar East",
  "address": "Sun Shine Inn Dahisar East",
  "postal_code": null,
  "latitude": null,
  "longitude": null,
  "rating": 3.9,
  "number_of_ratings": 29900,
  "type": "Multiplex",
  "established_year": null,
  "capacity": null,
  "unique_features":
},
{
  "name": "PVR Cinemas (Infiniti Mall)",
  "city": "Mumbai",
  "area": "Malad West",
  "address": "Infiniti Mall, 3rd Floor, Link Road, Malad (W) , Mumbai (Near D-Mart, Near Gregaon Sports Club, Palam Court Complex)",
  "postal_code": "400065",
  "latitude": null,
  "longitude": null,
  "rating": 4.0,
  "number_of_ratings": 28900,
  "type": "Multiplex",
  "established_year": null,
  "capacity": null,
  "unique_features":
},
{
  "name": "PVR Cinemas",
  "city": "Mumbai",
  "area": "Lower Parel",
  "address": "High Street Phoenix, Senapati Bapat Marg, Lower Parel-400013 (Above Big Bazaar, Near Raghuvanshi Mills)",
  "postal_code": "400013",
  "latitude": null,
  "longitude": null,
  "rating": 4.2,
  "number_of_ratings": 27800,
  "type": "Multiplex",
  "established_year": 2009,
  "capacity": null,
  "unique_features": ["IMAX screen"]
},
{
  "name": "Movie Time Cinemas (The Hub Mall)",
  "city": "Mumbai",
  "area": "Goregaon East",
  "address": "Express Highway Goregaon East",
  "postal_code": null,
  "latitude": null,
  "longitude": null,
  "rating": 3.8,
  "number_of_ratings": 28700,
  "type": "Multiplex",
  "established_year": null,
  "capacity": null,
  "unique_features":
},
{
  "name": "Mukta A2 Cinemas",
  "city": "Mumbai",
  "area": "Vile Parle East",
  "address": "MG Road Vile Parle East",
  "postal_code": null,
  "latitude": null,
  "longitude": null,
  "rating": 3.9,
  "number_of_ratings": 27400,
  "type": "Multiplex",
  "established_year": null,
  "capacity": null,
  "unique_features":
},
{
  "name": "Sterling Cineplex",
  "city": "Mumbai",
  "area": "Fort",
  "address": "Murzaban Road No 65, Fort-400001 (Opposite CST Station, Near New Empire Cinema , Azad Maidan)",
  "postal_code": "400001",
  "latitude": null,
  "longitude": null,
  "rating": 4.0,
  "number_of_ratings": 26700,
  "type": "Single Screen",
  "established_year": 1968,
  "capacity": null,
  "unique_features":
},
{
  "name": "Carnival Cinemas (Annex Mall)",
  "city": "Mumbai",
  "area": "Borivali East",
  "address": "Express Highway Borivali East",
  "postal_code": null,
  "latitude": null,
  "longitude": null,
  "rating": 3.8,
  "number_of_ratings": 27800,
  "type": "Multiplex",
  "established_year": null,
  "capacity": null,
  "unique_features":
},
{
  "name": "Carnival Cinemas",
  "city": "Mumbai",
  "area": "Goregaon West",
  "address": "Plot No 1, Oyo Town House, Off S V Road, Ram Mandir Road, Goregaon West-400062",
  "postal_code": "400062",
  "latitude": null,
  "longitude": null,
  "rating": 3.7,
  "number_of_ratings": 28300,
  "type": "Multiplex",
  "established_year": null,
  "capacity": null,
  "unique_features":
},
{
  "name": "Maratha Mandir Cinema",
  "city": "Mumbai",
  "area": "Mumbai Central",
  "address": "22, Maratha Mandir Marg, Agripada, Mumbai Central-400008 (Opp. Nayar Dental Hospital, Near Mumbai Central ST Depot)",
  "postal_code": "400008",
  "latitude": 18.971183,
  "longitude": 72.822134,
  "rating": 3.9,
  "number_of_ratings": 13100,
  "type": "Single Screen",
  "established_year": 1945,
  "capacity": 1000,
  "unique_features":
},
{
  "name": "Central Plaza Cinema",
  "city": "Mumbai",
  "area": "Girgaon",
  "address": "Rajaram Mohan Roy Road Girgaon",
  "postal_code": null,
  "latitude": null,
  "longitude": null,
  "rating": 3.7,
  "number_of_ratings": 10700,
  "type": "Single Screen",
  "established_year": null,
  "capacity": null,
  "unique_features":
},
{
  "name": "Mukta A2 Cinemas",
  "city": "Mumbai",
  "area": "Kala Chowki",
  "address": "Dr Baba Saheb Ambedkar Road, Kala Chowki-400033 (Next Voltassagar, Near Voltas Building, Chinchpokli)",
  "postal_code": "400033",
  "latitude": null,
  "longitude": null,
  "rating": 4.1,
  "number_of_ratings": 9099,
  "type": "Multiplex",
  "established_year": null,
  "capacity": null,
  "unique_features":
},
{
  "name": "Roxy Cinema",
  "city": "Mumbai",
  "area": "Opera House",
  "address": "Maharshi Karve Road Opera House",
  "postal_code": null,
  "latitude": null,
  "longitude": null,
  "rating": 3.9,
  "number_of_ratings": 9200,
  "type": "Single Screen",
  "established_year": null,
  "capacity": null,
  "unique_features":
},
{
  "name": "Premier Gold Cinema",
  "city": "Mumbai",
  "area": "Chinch Bandar",
  "address": "Nanji Marg Chinch Bandar",
  "postal_code": null,
  "latitude": null,
  "longitude": null,
  "rating": 3.7,
  "number_of_ratings": 3400,
  "type": "Single Screen",
  "established_year": null,
  "capacity": null,
  "unique_features":
},
{
  "name": "INOX Cinemas (Atria The Millennium Mall)",
  "city": "Mumbai",
  "area": "Worli",
  "address": "Dr. Annie Besant Road Worli",
  "postal_code": null,
  "latitude": null,
  "longitude": null,
  "rating": 4.4,
  "number_of_ratings": 2500,
  "type": "Multiplex",
  "established_year": null,
  "capacity": null,
  "unique_features":
},
{
  "name": "Alankar Cinema",
  "city": "Mumbai",
  "area": "Girgaon",
  "address": "SV Patel Road Girgaon",
  "postal_code": null,
  "latitude": null,
  "longitude": null,
  "rating": 3.6,
  "number_of_ratings": 2000,
  "type": "Single Screen",
  "established_year": null,
  "capacity": null,
  "unique_features":
},
{
  "name": "Super Plaza Cinema",
  "city": "Mumbai",
  "area": "Grant Road",
  "address": "Shaukat Ali Road Grant Road",
  "postal_code": null,
  "latitude": null,
  "longitude": null,
  "rating": 3.9,
  "number_of_ratings": 967,
  "type": "Single Screen",
  "established_year": null,
  "capacity": null,
  "unique_features":
},
{
  "name": "Imperial Cinema",
  "city": "Mumbai",
  "area": "Girgaon",
  "address": "306 Vallabhai Patel Road Girgaon",
  "postal_code": "400004",
  "latitude": null,
  "longitude": null,
  "rating": 3.4,
  "number_of_ratings": 704,
  "type": "Single Screen",
  "established_year": null,
  "capacity": null,
  "unique_features":
},
{
  "name": "Palace Cinema",
  "city": "Mumbai",
  "area": "Byculla East",
  "address": "202, Palace Talkies, Jijabai Marg, Byculla East, Mumbai - 400027 (Near By Regal Stores, Near Byculla Railway Station)",
  "postal_code": "400027",
  "latitude": null,
  "longitude": null,
  "rating": 3.9,
  "number_of_ratings": 457,
  "type": "Single Screen",
  "established_year": null,
  "capacity": null,
  "unique_features":
},
{
  "name": "Moti Cinema",
  "city": "Mumbai",
  "area": "Girgaon",
  "address": "Vallabhai Patel Road Girgaon",
  "postal_code": "400004",
  "latitude": null,
  "longitude": null,
  "rating": 3.0,
  "number_of_ratings": 398,
  "type": "Single Screen",
  "established_year": null,
  "capacity": null,
  "unique_features":
},
{
  "name": "New Shirin Cinema",
  "city": "Mumbai",
  "area": "Mahalaxmi",
  "address": "anandilal p marg Mahalaxmi",
  "postal_code": null,
  "latitude": null,
  "longitude": null,
  "rating": 3.2,
  "number_of_ratings": 217,
  "type": "Single Screen",
  "established_year": null,
  "capacity": null,
  "unique_features":
},
{
  "name": "Alfred Cinema",
  "city": "Mumbai",
  "area": "Charni Road",
  "address": "Pathe Bapurao Marg Charni Road",
  "postal_code": null,
  "latitude": null,
  "longitude": null,
  "rating": 3.6,
  "number_of_ratings": 160,
  "type": "Single Screen",
  "established_year": null,
  "capacity": null,
  "unique_features":
},
{
  "name": "Nishat Cinema",
  "city": "Mumbai",
  "area": "Grant Road",
  "address": "Shaukat Ali Road Grant Road",
  "postal_code": null,
  "latitude": null,
  "longitude": null,
  "rating": 3.5,
  "number_of_ratings": 133,
  "type": "Single Screen",
  "established_year": null,
  "capacity": null,
  "unique_features":
},
{
  "name": "Dreamland Theatre Grantvroad",
  "city": "Mumbai",
  "area": "Grant Road",
  "address": "Roadgrant Road Grant Road",
  "postal_code": null,
  "latitude": null,
  "longitude": null,
  "rating": 4.1,
  "number_of_ratings": 57,
  "type": "Single Screen",
  "established_year": null,
  "capacity": null,
  "unique_features":
},
{
  "name": "Gulshan Cinema",
  "city": "Mumbai",
  "area": "Opera House",
  "address": "falkland road Opera House",
  "postal_code": null,
  "latitude": null,
  "longitude": null,
  "rating": 3.3,
  "number_of_ratings": 66,
  "type": "Single Screen",
  "established_year": null,
  "capacity": null,
  "unique_features":
},
{
  "name": "New Roshan Cinema",
  "city": "Mumbai",
  "area": "Grant Road",
  "address": "P B Marg Grant Road",
  "postal_code": null,
  "latitude": null,
  "longitude": null,
  "rating": 4.0,
  "number_of_ratings": 31,
  "type": "Single Screen",
  "established_year": null,
  "capacity": null,
  "unique_features":
},
{
  "name": "Majestic Cinema",
  "city": "Mumbai",
  "area": "Ambewadi",
  "address": "Shankar Seth Road Ambewadi",
  "postal_code": null,
  "latitude": null,
  "longitude": null,
  "rating": 3.6,
  "number_of_ratings": 28,
  "type": "Single Screen",
  "established_year": null,
  "capacity": null,
  "unique_features":
},
{
  "name": "Ganesh Talkies",
  "city": "Mumbai",
  "area": "Mahalaxmi",
  "address": "Chpokli Mahalaxmi",
  "postal_code": null,
  "latitude": null,
  "longitude": null,
  "rating": 3.9,
  "number_of_ratings": 25,
  "type": "Single Screen",
  "established_year": null,
  "capacity": null,
  "unique_features":
},
{
  "name": "Regal Cinema",
  "city": "Mumbai",
  "area": "Colaba",
  "address": "Old Custom House Road, Apollo Bunder, Colaba, Mumbai, Maharashtra 400005, India (Opposite Prince of Wales Museum)",
  "postal_code": "400005",
  "latitude": null,
  "longitude": null,
  "rating": 4.0,
  "number_of_ratings": null,
  "type": "Single Screen",
  "established_year": 1933,
  "capacity": null,
  "unique_features":
},
{
  "name": "EROS Cinemas",
  "city": "Mumbai",
  "area": "Churchgate",
  "address": "42, Cambata Building, Maharishi Karve Road, Churchgate-400020 (Opposite Churchgate Station)",
  "postal_code": "400020",
  "latitude": null,
  "longitude": null,
  "rating": 3.8,
  "number_of_ratings": 9500,
  "type": "Single Screen",
  "established_year": 1938,
  "capacity": 305,
  "unique_features":
},
{
  "name": "Gaiety Galaxy",
  "city": "Mumbai",
  "area": "Bandra West",
  "address": "G7 Multiplex, Swami Vivekanand Marg, Tata Blocks, 30th Cross Road, Bandra West, Mumbai, Maharashtra 400050, India (Near Tata Blocks, Opposite Western Railway Colony)",
  "postal_code": "400050",
  "latitude": 19.061656,
  "longitude": 72.838433,
  "rating": 3.8,
  "number_of_ratings": 21100,
  "type": "Multiplex",
  "established_year": null,
  "capacity": null,
  "unique_features":
},
{
  "name": "Royal Talkies",
  "city": "Mumbai",
  "area": "Grant Road",
  "address": "Royal Cinema, Grant Road, Mumbai",
  "postal_code": null,
  "latitude": null,
  "longitude": null,
  "rating": null,
  "number_of_ratings": null,
  "type": "Single Screen",
  "established_year": 1930,
  "capacity": 600,
  "unique_features":
},
{
  "name": "Edward Cinema",
  "city": "Mumbai",
  "area": "Kalbadevi",
  "address": "Edward Cinema, Kalbadevi, Mumbai",
  "postal_code": null,
  "latitude": null,
  "longitude": null,
  "rating": null,
  "number_of_ratings": null,
  "type": "Single Screen",
  "established_year": 1914,
  "capacity": null,
  "unique_features":
},
{
  "name": "Movie Time Cinemas (Cubic Mall)",
  "city": "Mumbai",
  "area": "Chembur",
  "address": "Old Basant Cinema, Wadavali Village, Vasant Vihar Complex Road, Vasant Vihar Complex, Chembur, Mumbai, Maharashtra 400074, India",
  "postal_code": "400074",
  "latitude": null,
  "longitude": null,
  "rating": null,
  "number_of_ratings": null,
  "type": "Multiplex",
  "established_year": null,
  "capacity": null,
  "unique_features":
},
{
  "name": "Maxus Cinemas",
  "city": "Mumbai",
  "area": "Andheri East",
  "address": "Big Bazar Express, Andheri Kurla Road, Andheri East-400072 (Near Sakinaka, Opposite Jarimari Bus Stop)",
  "postal_code": "400072",
  "latitude": null,
  "longitude": null,
  "rating": 3.8,
  "number_of_ratings": 20400,
  "type": "Multiplex",
  "established_year": 2009,
  "capacity": null,
  "unique_features":
},
{
  "name": "INOX Cinemas (Neelyog Square Mall)",
  "city": "Mumbai",
  "area": "Ghatkopar East",
  "address": "2nd & 3rd Floor, Neelyog Square Mall, RB Mehta Road, Ghatkopar East-400077 (Near Ghatkopar East Station Parking Lot, Opposite Railway Station, Patel Chowk)",
  "postal_code": "400077",
  "latitude": null,
  "longitude": null,
  "rating": 3.9,
  "number_of_ratings": 21600,
  "type": "Multiplex",
  "established_year": null,
  "capacity": null,
  "unique_features":
},
{
  "name": "INOX Cinemas (Nakshatra Mall)",
  "city": "Mumbai",
  "area": "Dadar West",
  "address": "2nd Floor, Nakshatra Mall, Ranade Road, Dadar West-400028 (Near Dadar Railway Station)",
  "postal_code": "400028",
  "latitude": null,
  "longitude": null,
  "rating": 3.8,
  "number_of_ratings": 20600,
  "type": "Multiplex",
  "established_year": 2006,
  "capacity": null,
  "unique_features":
},
{
  "name": "INOX Laserplex (CR2 Mall)",
  "city": "Mumbai",
  "area": "Nariman Point",
  "address": "CR 2 Mall, 2nd Floor, Barrister Rajni Patel Marg, Nariman Point, Mumbai, Maharashtra 400021, India (Opposite Bajaj Bhavan)",
  "postal_code": "400021",
  "latitude": null,
  "longitude": null,
  "rating": 4.2,
  "number_of_ratings": 16900,
  "type": "Multiplex",
  "established_year": null,
  "capacity": null,
  "unique_features": ["Laserplex technology"]
},
{
  "name": "Carnival Cinemas Wadala",
  "city": "Mumbai",
  "area": "Wadala",
  "address": null,
  "postal_code": null,
  "latitude": null,
  "longitude": null,
  "rating": null,
  "number_of_ratings": null,
  "type": "Multiplex",
  "established_year": null,
  "capacity": null,
  "unique_features": ["India's first IMAX screen with a dome-like seating arrangement", "360-degree experience"]
},
{
  "name": "INOX R-city",
  "city": "Mumbai",
  "area": "Ghatkopar West",
  "address": null,
  "postal_code": null,
  "latitude": null,
  "longitude": null,
  "rating": null,
  "number_of_ratings": null,
  "type": "Multiplex",
  "established_year": null,
  "capacity": null,
  "unique_features": ["7-star lounge experience with luxurious recliners"]
}
]